,Country or territory,Population (1 July 2022),Population (1 July 2023),Change (%),UN continental region[1],UN statistical subregion[1]
0,,,,,,
1,World,8021407192.0,8091734930.0,+0.88%,–,–
2,India,1425423212.0,1438069596.0,+0.89%,Asia,Southern Asia
3,China[a],1425179569.0,1422584933.0,−0.18%,Asia,Eastern Asia
4,United States,341534046.0,343477335.0,+0.57%,Americas,Northern America
5,Indonesia,278830529.0,281190067.0,+0.85%,Asia,South-eastern Asia
6,Pakistan,243700667.0,247504495.0,+1.56%,Asia,Southern Asia
7,Nigeria,223150896.0,227882945.0,+2.12%,Africa,Western Africa
8,Brazil,210306415.0,211140729.0,+0.40%,Americas,South America
9,Bangladesh,169384897.0,171466990.0,+1.23%,Asia,Southern Asia
10,Russia,145579899.0,145440500.0,−0.10%,Europe,Eastern Europe
11,Mexico,128613117.0,129739759.0,+0.88%,Americas,Central America
12,Ethiopia,125384287.0,128691692.0,+2.64%,Africa,Eastern Africa
13,Japan,124997578.0,124370947.0,−0.50%,Asia,Eastern Asia
14,Philippines,113964338.0,114891199.0,+0.81%,Asia,South-eastern Asia
15,Egypt,112618250.0,114535772.0,+1.70%,Africa,Northern Africa
16,DR Congo,102396968.0,105789731.0,+3.31%,Africa,Middle Africa
17,Vietnam,99680655.0,100352192.0,+0.67%,Asia,South-eastern Asia
18,Iran,89524246.0,90608707.0,+1.21%,Asia,Southern Asia
19,Turkey,87058473.0,87270501.0,+0.24%,Asia,Western Asia
20,Germany,84086227.0,84548231.0,+0.55%,Europe,Western Europe
21,Thailand,71735329.0,71702435.0,−0.05%,Asia,South-eastern Asia
22,United Kingdom,68179315.0,68682962.0,+0.74%,Europe,Northern Europe
23,Tanzania[b],64711821.0,66617606.0,+2.95%,Africa,Eastern Africa
24,France[c],66277409.0,66438822.0,+0.24%,Europe,Western Europe
25,South Africa,62378410.0,63212384.0,+1.34%,Africa,Southern Africa
26,Italy,59619115.0,59499453.0,−0.20%,Europe,Southern Europe
27,Kenya,54252461.0,55339003.0,+2.00%,Africa,Eastern Africa
28,Myanmar,53756787.0,54133798.0,+0.70%,Asia,South-eastern Asia
29,Colombia,51737944.0,52321152.0,+1.13%,Americas,South America
30,South Korea,51782512.0,51748739.0,−0.07%,Asia,Eastern Asia
31,Sudan,49383346.0,50042791.0,+1.34%,Africa,Northern Africa
32,Uganda,47312719.0,48656601.0,+2.84%,Africa,Eastern Africa
33,Spain[d],47828382.0,47911579.0,+0.17%,Europe,Southern Europe
34,Algeria,45477389.0,46164219.0,+1.51%,Africa,Northern Africa
35,Argentina,45407904.0,45538401.0,+0.29%,Americas,South America
36,Iraq,44070551.0,45074049.0,+2.28%,Asia,Western Asia
37,Afghanistan,40578842.0,41454761.0,+2.16%,Asia,Southern Asia
38,Yemen,38222876.0,39390799.0,+3.06%,Asia,Western Asia
39,Canada,38821259.0,39299105.0,+1.23%,Americas,Northern America
40,Poland,38385739.0,38762844.0,+0.98%,Europe,Eastern Europe
41,Ukraine[e],41048766.0,37732836.0,−8.08%,Europe,Eastern Europe
42,Morocco,37329064.0,37712505.0,+1.03%,Africa,Northern Africa
43,Angola,35635029.0,36749906.0,+3.13%,Africa,Middle Africa
44,Uzbekistan,34938955.0,35652307.0,+2.04%,Asia,Central Asia
45,Malaysia,34695493.0,35126298.0,+1.24%,Asia,South-eastern Asia
46,Peru,33475438.0,33845617.0,+1.11%,Americas,South America
47,Ghana,33149152.0,33787914.0,+1.93%,Africa,Western Africa
48,Mozambique,32656246.0,33635160.0,+3.00%,Africa,Eastern Africa
49,Saudi Arabia,32175352.0,32264292.0,+0.28%,Asia,Western Asia
50,Madagascar,30437261.0,31195932.0,+2.49%,Africa,Eastern Africa
51,Ivory Coast,30395002.0,31165654.0,+2.54%,Africa,Western Africa
52,Nepal,29715436.0,29964614.0,+0.84%,Asia,Southern Asia
53,Cameroon,27632771.0,28372687.0,+2.68%,Africa,Middle Africa
54,Venezuela,28213017.0,28300854.0,+0.31%,Americas,South America
55,Australia[f],26200984.0,26451124.0,+0.95%,Oceania,Australia and New Zealand
56,North Korea,26329845.0,26418204.0,+0.34%,Asia,Eastern Asia
57,Niger,25311973.0,26159867.0,+3.35%,Africa,Western Africa
58,Mali,23072640.0,23769127.0,+3.02%,Africa,Western Africa
59,Syria,22462173.0,23594623.0,+5.04%,Asia,Western Asia
60,Taiwan[g],23420111.0,23317145.0,−0.44%,Asia,Eastern Asia
61,Burkina Faso,22509038.0,23025776.0,+2.30%,Africa,Western Africa
62,Sri Lanka,22834965.0,22971617.0,+0.60%,Asia,Southern Asia
63,Malawi,20568728.0,21104482.0,+2.60%,Africa,Eastern Africa
64,Zambia,20152938.0,20723965.0,+2.83%,Africa,Eastern Africa
65,Kazakhstan,20034609.0,20330104.0,+1.47%,Asia,Central Asia
66,Chile,19553036.0,19658835.0,+0.54%,Americas,South America
67,Chad,18455316.0,19319064.0,+4.68%,Africa,Middle Africa
68,Romania,19166772.0,19118479.0,−0.25%,Europe,Eastern Europe
69,Somalia[h],17801897.0,18358615.0,+3.13%,Africa,Eastern Africa
70,Guatemala,17847877.0,18124838.0,+1.55%,Americas,Central America
71,Senegal,17651103.0,18077573.0,+2.42%,Africa,Western Africa
72,Netherlands[i],17904421.0,18092524.0,+1.05%,Europe,Western Europe
73,Ecuador,17823897.0,17980083.0,+0.88%,Americas,South America
74,Cambodia,17201724.0,17423880.0,+1.29%,Asia,South-eastern Asia
75,Zimbabwe,16069056.0,16340822.0,+1.69%,Africa,Eastern Africa
76,Guinea,14055137.0,14405465.0,+2.49%,Africa,Western Africa
77,Benin,13759501.0,14111034.0,+2.55%,Africa,Western Africa
78,Rwanda,13651030.0,13954471.0,+2.22%,Africa,Eastern Africa
79,Burundi,13321097.0,13689450.0,+2.77%,Africa,Eastern Africa
80,Bolivia,12077154.0,12244159.0,+1.38%,Americas,South America
81,Tunisia,12119334.0,12200431.0,+0.67%,Africa,Northern Africa
82,Belgium,11641820.0,11712893.0,+0.61%,Europe,Western Europe
83,Haiti,11503606.0,11637398.0,+1.16%,Americas,Caribbean
84,South Sudan,11021177.0,11483374.0,+4.19%,Africa,Eastern Africa
85,Jordan,11256263.0,11439213.0,+1.63%,Asia,Western Asia
86,Dominican Republic,11230734.0,11331265.0,+0.90%,Americas,Caribbean
87,Cuba,11059820.0,11019931.0,−0.36%,Americas,Caribbean
88,Czechia,10673213.0,10809716.0,+1.28%,Europe,Eastern Europe
89,Honduras,10463872.0,10644851.0,+1.73%,Americas,Central America
90,United Arab Emirates,10242086.0,10642081.0,+3.91%,Asia,Western Asia
91,Sweden,10487338.0,10551494.0,+0.61%,Europe,Northern Europe
92,Portugal[j],10417073.0,10430738.0,+0.13%,Europe,Southern Europe
93,Tajikistan,10182222.0,10389799.0,+2.04%,Asia,Central Asia
94,Papua New Guinea,10203169.0,10389635.0,+1.83%,Oceania,Melanesia
95,Azerbaijan,10295304.0,10318207.0,+0.22%,Asia,Western Asia
96,Greece,10412480.0,10242908.0,−1.63%,Europe,Southern Europe
97,Hungary,9964306.0,9686463.0,−2.79%,Europe,Eastern Europe
98,Togo,9089738.0,9304337.0,+2.36%,Africa,Western Africa
99,Israel,9103151.0,9256314.0,+1.68%,Asia,Western Asia
100,Austria,9064677.0,9130429.0,+0.73%,Europe,Western Europe
101,Belarus,9173237.0,9115680.0,−0.63%,Europe,Eastern Europe
102,Switzerland,8792182.0,8870561.0,+0.89%,Europe,Western Europe
103,Sierra Leone,8276807.0,8460512.0,+2.22%,Africa,Western Africa
104,Laos,7559007.0,7664993.0,+1.40%,Asia,South-eastern Asia
105,Hong Kong (China)[k],7465915.0,7442734.0,−0.31%,Asia,Eastern Asia
106,Turkmenistan,7230193.0,7364438.0,+1.86%,Asia,Central Asia
107,Libya,7223805.0,7305659.0,+1.13%,Africa,Northern Africa
108,Kyrgyzstan,6955788.0,7073516.0,+1.69%,Asia,Central Asia
109,Paraguay,6760464.0,6844146.0,+1.24%,Americas,South America
110,Nicaragua,6730654.0,6823613.0,+1.38%,Americas,Central America
111,Bulgaria,6825864.0,6795803.0,−0.44%,Europe,Eastern Europe
112,Serbia[l],6791213.0,6773201.0,−0.27%,Europe,Southern Europe
113,El Salvador,6280319.0,6309624.0,+0.47%,Americas,Central America
114,Congo,6035104.0,6182885.0,+2.45%,Africa,Middle Africa
115,Denmark,5902904.0,5948136.0,+0.77%,Europe,Northern Europe
116,Singapore,5649885.0,5789090.0,+2.46%,Asia,South-eastern Asia
117,Lebanon,5744489.0,5733493.0,−0.19%,Asia,Western Asia
118,Finland[m],5569299.0,5601185.0,+0.57%,Europe,Northern Europe
119,Norway[n],5457801.0,5519167.0,+1.12%,Europe,Northern Europe
120,Slovakia,5473197.0,5518055.0,+0.82%,Europe,Eastern Europe
121,Liberia,5373294.0,5493031.0,+2.23%,Africa,Western Africa
122,Palestine[o],5305270.0,5409202.0,+1.96%,Asia,Western Asia
123,Ireland,5110016.0,5196630.0,+1.69%,Europe,Northern Europe
124,New Zealand,5131734.0,5172836.0,+0.80%,Oceania,Australia and New Zealand
125,Central African Republic,5098039.0,5152421.0,+1.07%,Africa,Middle Africa
126,Costa Rica,5081765.0,5105525.0,+0.47%,Americas,Central America
127,Oman,4730226.0,5049269.0,+6.74%,Asia,Western Asia
128,Mauritania,4875637.0,5022441.0,+3.01%,Africa,Western Africa
129,Kuwait,4589511.0,4838782.0,+5.43%,Asia,Western Asia
130,Panama,4400773.0,4458759.0,+1.32%,Americas,Central America
131,Croatia,3907027.0,3896023.0,−0.28%,Europe,Southern Europe
132,Georgia[p],3794784.0,3807492.0,+0.33%,Asia,Western Asia
133,Eritrea,3409447.0,3470390.0,+1.79%,Africa,Eastern Africa
134,Mongolia,3386015.0,3431932.0,+1.36%,Asia,Eastern Asia
135,Uruguay,3390913.0,3388081.0,−0.08%,Americas,South America
136,Puerto Rico (United States),3240968.0,3242023.0,+0.03%,Americas,Caribbean
137,Bosnia and Herzegovina,3204802.0,3185073.0,−0.62%,Europe,Southern Europe
138,Moldova[q],3039985.0,3067070.0,+0.89%,Europe,Eastern Europe
139,Qatar,2892455.0,2979082.0,+2.99%,Asia,Western Asia
140,Namibia,2889662.0,2963095.0,+2.54%,Africa,Southern Africa
141,Armenia,2880874.0,2943393.0,+2.17%,Asia,Western Asia
142,Lithuania,2816919.0,2854099.0,+1.32%,Europe,Northern Europe
143,Jamaica,2839144.0,2839786.0,+0.02%,Americas,Caribbean
144,Albania,2827608.0,2811655.0,−0.56%,Europe,Southern Europe
145,Gambia,2636470.0,2697845.0,+2.33%,Africa,Western Africa
146,Gabon,2430747.0,2484789.0,+2.22%,Africa,Middle Africa
147,Botswana,2439892.0,2480244.0,+1.65%,Africa,Southern Africa
148,Lesotho,2286110.0,2311472.0,+1.11%,Africa,Southern Africa
149,Guinea-Bissau,2105529.0,2153339.0,+2.27%,Africa,Western Africa
150,Slovenia,2115228.0,2118396.0,+0.15%,Europe,Southern Europe
151,Latvia,1881063.0,1882396.0,+0.07%,Europe,Northern Europe
152,Equatorial Guinea,1803545.0,1847549.0,+2.44%,Africa,Middle Africa
153,North Macedonia,1840233.0,1831802.0,−0.46%,Europe,Southern Europe
154,Kosovo[r],1717946.0,1700031.0,−1.04%,Europe,Southern Europe
155,Bahrain,1533459.0,1569666.0,+2.36%,Asia,Western Asia
156,Trinidad and Tobago,1495921.0,1502932.0,+0.47%,Americas,Caribbean
157,Timor-Leste,1369295.0,1384286.0,+1.09%,Asia,South-eastern Asia
158,Estonia,1350091.0,1367196.0,+1.27%,Europe,Northern Europe
159,Cyprus[s],1331370.0,1344976.0,+1.02%,Asia,Western Asia
160,Mauritius,1276130.0,1273588.0,−0.20%,Africa,Eastern Africa
161,Eswatini,1218917.0,1230506.0,+0.95%,Africa,Southern Africa
162,Djibouti,1137096.0,1152944.0,+1.39%,Africa,Eastern Africa
163,Fiji,919422.0,924145.0,+0.51%,Oceania,Melanesia
164,Réunion (France),871540.0,874883.0,+0.38%,Africa,Eastern Africa
165,Comoros,834188.0,850387.0,+1.94%,Africa,Eastern Africa
166,Guyana,821637.0,826353.0,+0.57%,Americas,South America
167,Solomon Islands,781066.0,800005.0,+2.42%,Oceania,Melanesia
168,Bhutan,780914.0,786385.0,+0.70%,Asia,Southern Asia
169,Macao (China)[t],704356.0,713912.0,+1.36%,Asia,Eastern Asia
170,Luxembourg,653313.0,665098.0,+1.80%,Europe,Western Europe
171,Montenegro,614648.0,633552.0,+3.08%,Europe,Southern Europe
172,Suriname,623164.0,628886.0,+0.92%,Americas,South America
173,Western Sahara (disputed),568739.0,579729.0,+1.93%,Africa,Northern Africa
174,Malta,528192.0,532956.0,+0.90%,Europe,Southern Europe
175,Maldives,524106.0,525994.0,+0.36%,Asia,Southern Asia
176,Cape Verde,519741.0,522331.0,+0.50%,Africa,Western Africa
177,Brunei,455370.0,458949.0,+0.79%,Asia,South-eastern Asia
178,Belize,402733.0,411106.0,+2.08%,Americas,Central America
179,Bahamas,397538.0,399440.0,+0.48%,Americas,Caribbean
180,Iceland,380356.0,387558.0,+1.89%,Europe,Northern Europe
181,Guadeloupe (France),384697.0,376517.0,−2.13%,Americas,Caribbean
182,Martinique (France),349459.0,346002.0,−0.99%,Americas,Caribbean
183,Vanuatu,313046.0,320409.0,+2.35%,Oceania,Melanesia
184,Mayotte (France),305269.0,316015.0,+3.52%,Africa,Eastern Africa
185,French Guiana (France),298306.0,303402.0,+1.71%,Americas,South America
186,New Caledonia (France),287123.0,289870.0,+0.96%,Oceania,Melanesia
187,Barbados,288318.0,282336.0,−2.07%,Americas,Caribbean
188,French Polynesia (France),280378.0,281118.0,+0.26%,Oceania,Polynesia
189,São Tomé and Príncipe,226305.0,230871.0,+2.02%,Africa,Middle Africa
190,Samoa,215261.0,216663.0,+0.65%,Oceania,Polynesia
191,Curaçao (Netherlands),185345.0,185427.0,+0.04%,Americas,Caribbean
192,Saint Lucia,178781.0,179285.0,+0.28%,Americas,Caribbean
193,Guam (United States),165180.0,166506.0,+0.80%,Oceania,Micronesia
194,Kiribati,130469.0,132530.0,+1.58%,Oceania,Micronesia
195,Seychelles,125522.0,127951.0,+1.94%,Africa,Eastern Africa
196,Grenada,116913.0,117081.0,+0.14%,Americas,Caribbean
197,Federated States of Micronesia,112114.0,112630.0,+0.46%,Oceania,Micronesia
198,Tonga,105042.0,104597.0,−0.42%,Oceania,Polynesia
199,Aruba (Netherlands),107782.0,107939.0,+0.15%,Americas,Caribbean
200,Jersey (United Kingdom),103490.0,103674.0,+0.18%,Europe,Northern Europe
201,Saint Vincent and the Grenadines,102046.0,101323.0,−0.71%,Americas,Caribbean
202,Antigua and Barbuda,92840.0,93316.0,+0.51%,Americas,Caribbean
203,U.S. Virgin Islands (United States),86507.0,85701.0,−0.93%,Americas,Caribbean
204,Isle of Man (United Kingdom),84132.0,84165.0,+0.04%,Europe,Northern Europe
205,Andorra,79705.0,80856.0,+1.44%,Europe,Southern Europe
206,Cayman Islands (United Kingdom),71591.0,73038.0,+2.02%,Americas,Caribbean
207,Dominica,66826.0,66510.0,−0.47%,Americas,Caribbean
208,Bermuda (United Kingdom),64749.0,64698.0,−0.08%,Americas,Northern America
209,Guernsey (United Kingdom),63725.0,64017.0,+0.46%,Europe,Northern Europe
210,Greenland (Denmark),54990.0,55922.0,+1.69%,Americas,Northern America
211,Faroe Islands (Denmark),54011.0,54714.0,+1.30%,Europe,Northern Europe
212,American Samoa (United States),48342.0,47521.0,−1.70%,Oceania,Polynesia
213,Saint Kitts and Nevis,46709.0,46758.0,+0.10%,Americas,Caribbean
214,Turks and Caicos Islands (United Kingdom),45847.0,46198.0,+0.77%,Americas,Caribbean
215,Northern Mariana Islands (United States),46078.0,45143.0,−2.03%,Oceania,Micronesia
216,Sint Maarten (Netherlands),42139.0,42749.0,+1.45%,Americas,Caribbean
217,Liechtenstein,39317.0,39598.0,+0.71%,Europe,Western Europe
218,British Virgin Islands (United Kingdom),38319.0,38985.0,+1.74%,Americas,Caribbean
219,Monaco,38931.0,38956.0,+0.06%,Europe,Western Europe
220,Gibraltar (United Kingdom),37609.0,38471.0,+2.29%,Europe,Southern Europe
221,Marshall Islands,40077.0,38827.0,−3.12%,Oceania,Micronesia
222,San Marino,34090.0,33733.0,−1.05%,Europe,Southern Europe
223,Caribbean Netherlands (Netherlands)[u],28627.0,29898.0,+4.44%,Americas,Caribbean
224,Saint Martin (France),28870.0,27515.0,−4.69%,Americas,Caribbean
225,Palau,17759.0,17727.0,−0.18%,Oceania,Micronesia
226,Anguilla (United Kingdom),14180.0,14410.0,+1.62%,Americas,Caribbean
227,Cook Islands,14723.0,14222.0,−3.40%,Oceania,Polynesia
228,Nauru,11801.0,11875.0,+0.63%,Oceania,Micronesia
229,Wallis and Futuna (France),11478.0,11370.0,−0.94%,Oceania,Polynesia
230,Saint Barthélemy (France),10920.0,11085.0,+1.51%,Americas,Caribbean
231,Tuvalu,9992.0,9816.0,−1.76%,Oceania,Polynesia
232,Saint Pierre and Miquelon (France),5732.0,5681.0,−0.89%,Americas,Northern America
233,Saint Helena (United Kingdom)[v],5343.0,5289.0,−1.01%,Africa,Western Africa
234,Montserrat (United Kingdom),4453.0,4420.0,−0.74%,Americas,Caribbean
235,Falkland Islands (United Kingdom),3490.0,3477.0,−0.37%,Americas,South America
236,Tokelau (New Zealand),2290.0,2397.0,+4.67%,Oceania,Polynesia
237,Niue,1821.0,1817.0,−0.22%,Oceania,Polynesia
238,Vatican City[w],505.0,496.0,−1.78%,Europe,Southern Europe
